pinotUpdatedTs,orderId,taskId,imageUrl,originalUrl,imageDecision,isProfanityDetected,reviewAiCorrect,reviewConfusionMatrix,reviewComments
7/6/2026,2.00015E+14,44df6c91-c0ab-406c-beef-814e13449218,http://images.delivery.walmart.com/7cb83547-680b-4b94-8a71-682f813da7aa.jpeg,null,unacceptable,TRUE,,,
7/6/2026,2.00015E+14,7327c896-842c-87fb-de52-8091a4e7ff51,http://images.delivery.walmart.com/0a2111ea-b008-4cb7-b98f-5fd066ce6f49.jpeg,null,unacceptable,TRUE,,,
7/6/2026,2.00015E+14,1146d677-0625-a3a6-4777-ba3c5fb45b2c,http://images.delivery.walmart.com/2d2d2277-bddb-4982-9916-c5d73baca906.jpeg,http://images.delivery.walmart.com/faf52e75-8f51-4138-9db3-b2b1a09b4361.jpeg,unacceptable,TRUE,,,
7/6/2026,2.00015E+14,f92e6fac-e907-46fc-aba2-7f0df8b91267,http://images.delivery.walmart.com/9f69c9a5-7d41-4b6e-8746-75a81e09c570.jpeg,null,unacceptable,TRUE,,,
7/6/2026,2.00015E+14,bc31cb22-cdda-4e6b-bf07-5ae3414c2ba6,http://images.delivery.walmart.com/c6619996-26b3-48fb-9c83-61682c7e4ca5.jpeg,http://images.delivery.walmart.com/56cb48fc-35af-4a00-a7da-1310a80f0d48.jpeg,unacceptable,TRUE,,,
7/6/2026,2.00015E+14,28ad21fb-21ed-e2ef-2838-e713bc9abc72,http://images.delivery.walmart.com/a87c9705-3014-4b8c-8572-7fcdcf282faa.jpeg,null,unacceptable,TRUE,,,
7/6/2026,2.00015E+14,3b265f63-4aac-e6a8-aedc-3afc4488a97d,http://images.delivery.walmart.com/011f55fd-2e1f-46a8-8d51-1e5c9100137d.jpeg,null,unacceptable,TRUE,,,
7/6/2026,2.00015E+14,3d107cf4-e211-4156-8b50-055b5c643a1a,http://images.delivery.walmart.com/55506e1b-37d6-4382-a8fe-d8bed6268c1e.jpeg,null,unacceptable,TRUE,,,
7/6/2026,2.00015E+14,a0b46251-57b2-ad6b-29ed-2c0d9240e423,http://images.delivery.walmart.com/a8caec76-755f-476c-80db-44059d9bf334.jpeg,null,unacceptable,TRUE,,,
7/6/2026,2.00015E+14,aea55ab6-74c9-42f1-aadf-e34642561cde,http://images.delivery.walmart.com/dd186917-bf4a-45ee-9699-8cff9f853fdf.jpeg,null,unacceptable,TRUE,Yes,,Finger
7/6/2026,2.00015E+14,55239b5c-1737-41b3-96d0-d421cad20bdc,http://images.delivery.walmart.com/1e4196be-5150-441b-8c83-b10fed538f6d.jpeg,null,unacceptable,TRUE,,,
7/6/2026,2.00015E+14,77fdb1ed-c91e-4856-98db-6d54bb848844,http://images.delivery.walmart.com/441149cd-3910-4e47-8219-1205fcfcd0c2.jpeg,null,unacceptable,TRUE,,,
7/6/2026,2.00015E+14,af1daa5c-50fd-a649-dc2d-8888c0c77de5,http://images.delivery.walmart.com/ca335954-fbdb-4929-a15f-055a11eb25ca.jpeg,null,unacceptable,TRUE,,,
7/6/2026,2.00015E+14,23e70b81-8108-436d-a146-7434a4aff3d2,http://images.delivery.walmart.com/4be58091-27d8-4961-a17d-034cee364732.jpeg,null,unacceptable,TRUE,,,
7/6/2026,2.00015E+14,df295090-ab97-4827-826b-09f3111ae733,http://images.delivery.walmart.com/13e879c4-f3ef-4801-9d2d-2681ac096796.jpeg,http://images.delivery.walmart.com/69d2f5e4-c121-4d67-acbd-8b13d5b39e24.jpeg,unacceptable,TRUE,,,
7/6/2026,2.00015E+14,7a21c22b-3882-250e-3110-14bb3a7ad5f0,http://images.delivery.walmart.com/f44e101e-28a7-419f-9720-bcfcefea3195.jpeg,null,unacceptable,TRUE,,,
7/6/2026,2.00015E+14,2db0ecf6-dccc-4407-8916-2b05f83f2c1b,http://images.delivery.walmart.com/958215e5-a95d-4884-9a35-fe8ab3e28daf.jpeg,null,unacceptable,TRUE,Yes,,Bodypart
7/6/2026,2.00015E+14,1ab520aa-bda3-4682-9f6e-6a8e779beac3,http://images.delivery.walmart.com/fc556a17-18a1-43ae-9dd4-6f6e5fe931a2.jpeg,http://images.delivery.walmart.com/8552a5bc-e077-49b0-a5f2-d26b0cf0b6fd.jpeg,unacceptable,TRUE,,,
7/6/2026,2.00015E+14,1abe96a1-855e-464d-bf13-88a07719fdc6,http://images.delivery.walmart.com/2922ee11-fdec-4235-ab22-c5befff123f0.jpeg,null,unacceptable,TRUE,,,
7/6/2026,2.00015E+14,8404166a-a573-cce4-3bd1-d72ad6d7ce76,http://images.delivery.walmart.com/3ec5d27a-ca11-4a3b-a2c3-d2abf4a6bd0e.jpeg,null,unacceptable,TRUE,,,
7/6/2026,2.00015E+14,acbf673f-63b7-423b-9098-bc93a73caba7,http://images.delivery.walmart.com/0d0a5064-7ce2-46ed-8da1-e25feaf11a68.jpeg,http://images.delivery.walmart.com/f98fb4ab-08d0-4bf0-8574-5a4d119e7427.jpeg,unacceptable,TRUE,,,
7/6/2026,2.00015E+14,c2396c3d-db36-44de-8522-e8eeb5495b5c,http://images.delivery.walmart.com/33adb58e-a08b-4851-a216-4653de6fb70d.jpeg,null,unacceptable,TRUE,,,
7/6/2026,2.00015E+14,e70bf652-21e5-4f35-a4b2-0d73433a7e87,http://images.delivery.walmart.com/0765b462-c765-4752-adc6-779f34110556.jpeg,null,unacceptable,TRUE,,,
7/6/2026,2.00015E+14,7ac21a84-f64a-4a87-e297-ec1a7409dea8,http://images.delivery.walmart.com/3e4bd722-b894-49fb-88b1-6e4e0b2c32f1.jpeg,http://images.delivery.walmart.com/b5180297-4dca-4d93-a4f2-3847325fd9dc.jpeg,unacceptable,TRUE,,,
7/6/2026,2.00015E+14,d600a18b-203d-49cb-93ef-fdfaec6fed0c,http://images.delivery.walmart.com/146eb847-f58e-4b71-81da-36e144811be3.jpeg,http://images.delivery.walmart.com/908c5c76-b1e4-4112-ae58-0dd40f3bc9ba.jpeg,unacceptable,TRUE,,,
7/6/2026,2.00015E+14,cf333550-a02a-4a53-8741-6ed619426700,http://images.delivery.walmart.com/2089cc35-730b-44d0-9ade-13653860c20d.jpeg,null,unacceptable,TRUE,,,
7/6/2026,2.00015E+14,72b44557-9501-4ca6-837c-b5b2ac6b640a,http://images.delivery.walmart.com/268e3b78-5911-4a26-aa7d-b15e5eb7952e.jpeg,http://images.delivery.walmart.com/77064243-2874-431c-ab56-b1d4e1f48f3c.jpeg,unacceptable,TRUE,,,
7/6/2026,2.00015E+14,6ecf9ecd-10c9-4160-94c4-7e227eb8dcfe,http://images.delivery.walmart.com/55f49711-0812-4366-8863-bc1bbfda5541.jpeg,null,unacceptable,TRUE,,,
7/6/2026,2.00015E+14,dec7c145-4b5d-49a0-83ef-4fccc714aaf9,http://images.delivery.walmart.com/11bc008c-84b4-4b19-9ccc-5f225ac813fb.jpeg,null,unacceptable,TRUE,,,
7/6/2026,2.00015E+14,bdf38591-d09a-4e14-a3e3-388469193fea,http://images.delivery.walmart.com/9fcb8232-6a2a-4b93-ac54-b67de4885b30.jpeg,null,unacceptable,TRUE,,,
7/6/2026,2.00015E+14,b635b5c1-15a0-47ed-9e48-549edb7043e7,http://images.delivery.walmart.com/7a0d361b-ad5b-4709-8379-dae70bd5b43c.jpeg,null,unacceptable,TRUE,Yes,,Finger
7/6/2026,2.00015E+14,4cc4e402-4b44-41bd-a1e0-ac187e51d90c,http://images.delivery.walmart.com/5e7913b6-5a6f-426b-b96c-f57b5b35cb5a.jpeg,null,unacceptable,TRUE,,,
7/6/2026,2.00015E+14,51c6157c-d685-4eb8-bdb6-8aeb52c73f54,http://images.delivery.walmart.com/017c1c7c-90e0-476b-a762-99a770ff49a9.jpeg,null,unacceptable,TRUE,,,
7/6/2026,2.00015E+14,7c76e66e-2dfd-4c19-83c4-19b106ccdd75,http://images.delivery.walmart.com/e50d8a86-4c71-4c3d-869e-fbd96369f1a2.jpeg,null,unacceptable,TRUE,,,
7/6/2026,2.00015E+14,f2c67e67-568b-45fc-9fda-dec58a2646a7,http://images.delivery.walmart.com/d08990dc-e320-4c6c-b67d-e1d4d608cb46.jpeg,null,unacceptable,TRUE,,,
7/6/2026,2.00015E+14,28107919-0ae8-ac11-fcfd-31a427f36928,http://images.delivery.walmart.com/69c42ea7-1b4c-42de-8078-afe4e27bb24e.jpeg,http://images.delivery.walmart.com/1bacaa99-4e75-4bbc-8c30-4abe18fc5521.jpeg,unacceptable,TRUE,Yes,,Finger
7/6/2026,2.00015E+14,0fe6ae04-9a8a-a0cf-b67b-7b38c9f81bbb,http://images.delivery.walmart.com/3eb11884-bbc9-474c-b593-dd672a29d364.jpeg,null,unacceptable,TRUE,Yes,,Finger
7/6/2026,2.00015E+14,f6f63d66-69d5-4da6-9579-adcd1cc82520,http://images.delivery.walmart.com/449c940b-2f50-4cad-912d-5164b2271c41.jpeg,null,unacceptable,TRUE,,,
7/6/2026,2.00015E+14,8cc22d4c-7d32-44d9-8648-f43c397f2092,http://images.delivery.walmart.com/e9016910-faef-40be-8413-7ac2e5eda31a.jpeg,null,unacceptable,TRUE,,,
7/6/2026,2.00015E+14,e0963dc7-b9dc-49b5-8beb-7ca0b3680f88,http://images.delivery.walmart.com/2ef6f89b-6ae3-4e56-9db1-ccd28e82a8f2.jpeg,http://images.delivery.walmart.com/c7a0468c-90af-4e2d-a263-43563f3974d2.jpeg,unacceptable,TRUE,,,
7/6/2026,2.00015E+14,91ba1c6a-37eb-4d10-84d7-e1d3d1e26654,http://images.delivery.walmart.com/7bcef6b1-5b4b-4b40-bac7-2d0c6df30d8f.jpeg,null,unacceptable,TRUE,,,
7/6/2026,2.00015E+14,81442a93-8668-4180-bcef-550387ac71d0,http://images.delivery.walmart.com/503554b5-d7ad-4f56-be6e-0ff17d1f4fb6.jpeg,null,unacceptable,TRUE,,,
7/6/2026,2.00015E+14,3380cea4-5951-41e3-8ecb-c66f5122c457,http://images.delivery.walmart.com/696def40-646e-4ff8-b1bd-a47ee255ad45.jpeg,null,unacceptable,TRUE,,,
7/6/2026,2.00015E+14,a59dcf8d-434b-bf81-d12d-1872920a8683,http://images.delivery.walmart.com/2fa590ae-91eb-4932-955e-73d6497aebde.jpeg,null,unacceptable,TRUE,,,
7/6/2026,2.00015E+14,fc670666-2a50-3649-8aff-4f29d9cda5bd,http://images.delivery.walmart.com/49c716d1-9593-46c0-99fa-79d57ef16021.jpeg,null,unacceptable,TRUE,,,
7/6/2026,2.00015E+14,158f8038-1983-4124-8ff0-0a1602c34ce5,http://images.delivery.walmart.com/0307f1d4-f1a4-4ae6-ba9a-7496a4076fee.jpeg,http://images.delivery.walmart.com/7846addf-e549-4607-8a80-f0c014c5b68b.jpeg,unacceptable,TRUE,,,
7/6/2026,2.00015E+14,eb7d7615-0321-aa93-ef1b-d81b52ebd6d8,http://images.delivery.walmart.com/7f1170da-5358-4232-8259-1ee236c7d9b0.jpeg,null,unacceptable,TRUE,,,
7/6/2026,2.00015E+14,ba0da358-e18c-4c51-827d-88d056e29995,http://images.delivery.walmart.com/b4793ef8-cbef-44bb-8b18-a510eab26dda.jpeg,http://images.delivery.walmart.com/fde19a65-521a-4bf1-b2cc-044473cf5e59.jpeg,unacceptable,TRUE,,,
7/6/2026,2.00015E+14,bada99cc-1b2d-9284-7e09-3289af9bf250,http://images.delivery.walmart.com/ce8e2d60-793e-4d70-9087-72d39c668c9a.jpeg,null,unacceptable,TRUE,,,
7/6/2026,2.00015E+14,9aeed547-1892-4869-bcf4-b98a705e05b2,http://images.delivery.walmart.com/dbd21a58-273d-4eeb-9a06-dd932f43645f.jpeg,http://images.delivery.walmart.com/8d8996a5-3eea-403b-85d6-000871236ac4.jpeg,unacceptable,TRUE,,,
7/6/2026,2.00015E+14,be81e911-4666-42d7-8858-adc5d917683c,http://images.delivery.walmart.com/95f0e98f-98ea-45d4-9684-441e014bc26d.jpeg,http://images.delivery.walmart.com/3d8ce711-6287-4a7e-950d-33a44b1d2f9d.jpeg,unacceptable,TRUE,,,
7/6/2026,2.00015E+14,6074e70c-583f-b21b-e597-e19d64d99973,http://images.delivery.walmart.com/ae8a603d-cd7a-4905-a6e5-308e8150643c.jpeg,null,unacceptable,TRUE,,,
7/6/2026,2.00015E+14,c65cb669-df7e-4d35-ab8a-25e8b0d7c218,http://images.delivery.walmart.com/9c6543cd-bb40-4a2d-9a67-e0b619cc2b22.jpeg,null,unacceptable,TRUE,,,
7/6/2026,2.00015E+14,f78d9b72-4906-4c6b-b1d1-b74ebd77d5a0,http://images.delivery.walmart.com/6f97050a-2ad6-4556-b7d7-45128579cd17.jpeg,null,unacceptable,TRUE,,,
7/6/2026,2.00015E+14,ef1949d5-5904-4cc7-8030-77d8eecb8b1f,http://images.delivery.walmart.com/047709b7-48bd-4785-bfe6-91fada6fb2f0.jpeg,null,unacceptable,TRUE,,,
7/6/2026,2.00015E+14,0da65c2b-ce6f-4ea1-b7ac-6ac23272fc54,http://images.delivery.walmart.com/ec458d38-8145-48ba-bb11-323537b94c34.jpeg,null,unacceptable,TRUE,,,
7/6/2026,2.00015E+14,41ab0854-eb10-98fb-1610-81e3097c381b,http://images.delivery.walmart.com/02016ead-7ab2-48fe-b343-92740d725c8d.jpeg,null,unacceptable,TRUE,,,
7/6/2026,2.00015E+14,876967c9-9123-4807-912e-20c03befd63a,http://images.delivery.walmart.com/a85e57fe-134d-4c36-a15c-6c632ad6fa1b.jpeg,null,unacceptable,TRUE,,,
7/6/2026,2.00015E+14,9961f07a-3dc5-4e71-9640-f9573a9342e2,http://images.delivery.walmart.com/2faa96cd-5d4f-4d44-8d5b-9a01aa219518.jpeg,null,unacceptable,TRUE,,,
7/6/2026,2.00015E+14,628ffc05-c08f-4a53-8ac4-d0925ce32eda,http://images.delivery.walmart.com/124f6e52-ab3f-46df-943a-8cdfb04b3da8.jpeg,null,unacceptable,TRUE,Yes,,Bodypart
7/6/2026,2.00015E+14,0fa9d4cd-16d5-4ef7-9bbc-e34d66e1d9d8,http://images.delivery.walmart.com/cc88a53d-10fc-42bb-bd85-33f514548a1d.jpeg,null,unacceptable,TRUE,Yes,,Bodypart
7/6/2026,2.00015E+14,9f089541-2f5e-497e-9405-e0a778b1b87a,http://images.delivery.walmart.com/8077dc1f-b05b-4001-a546-a8528c2253b6.jpeg,null,unacceptable,TRUE,,,
7/6/2026,2.00015E+14,01cd8cb2-c9fb-4bcf-b37e-b49a6ff5124e,http://images.delivery.walmart.com/ab93c0d4-bdc0-4ff0-a350-e71b2e7ad824.jpeg,null,unacceptable,TRUE,,,
7/6/2026,2.00015E+14,653ca543-4a94-49a6-beb8-80ac9c4e1810,http://images.delivery.walmart.com/58b59b26-4b3a-4c26-a846-7d7de59b1982.jpeg,null,unacceptable,TRUE,,,
7/6/2026,2.00015E+14,074348d6-5fb0-48ac-b2ca-7df53671d250,http://images.delivery.walmart.com/68d1f016-7157-4ef9-a622-54fe38be7974.jpeg,null,unacceptable,TRUE,,,
7/6/2026,2.00015E+14,f6538360-d556-4cf3-904a-0cb1d7067e77,http://images.delivery.walmart.com/0f173b54-b61b-400a-bd33-4a88b0e9d3fc.jpeg,null,unacceptable,TRUE,,,
7/6/2026,2.00015E+14,b58f73ab-cbae-4cfa-81f2-f22c8ccb749c,http://images.delivery.walmart.com/0efb0acf-9241-4e22-9f6f-f27d583dc920.jpeg,null,unacceptable,TRUE,,,
7/6/2026,2.00015E+14,a742863e-1da7-4a11-b822-117b5feaaccc,http://images.delivery.walmart.com/7892ffcd-b2af-48e8-9874-990e9dda33c2.jpeg,null,unacceptable,TRUE,,,
7/6/2026,2.00015E+14,c131d2dd-8ab5-4253-9445-9a85bdf53555,http://images.delivery.walmart.com/fdc93775-7cb5-4c3c-a53e-4cfc7b976faa.jpeg,http://images.delivery.walmart.com/4259f203-0d0e-4d7b-a835-e8b812b0e62c.jpeg,unacceptable,TRUE,,,
7/6/2026,2.00015E+14,87c04090-5c04-4280-894c-4360fcf759a7,http://images.delivery.walmart.com/03c15fa0-860d-4d54-be0d-a017ba2b0934.jpeg,null,unacceptable,TRUE,,,
7/6/2026,2.00015E+14,c6be7222-158c-4abf-92fe-31735eb1ea0c,http://images.delivery.walmart.com/88464df5-82f0-4381-a3ce-8f6b04c8e553.jpeg,null,unacceptable,TRUE,,,
7/6/2026,2.00015E+14,06ef924f-6769-c136-d572-1d4515c59dd2,http://images.delivery.walmart.com/d0b81d5e-822f-435d-b93c-95b40d7c8dcb.jpeg,null,unacceptable,TRUE,,,
7/6/2026,2.00015E+14,7d5e8821-5df8-49c5-959a-958fd5d71039,http://images.delivery.walmart.com/e56d363d-f776-4e87-9e2b-124ab42ed4bc.jpeg,null,unacceptable,TRUE,Yes,,Finger
7/6/2026,2.00015E+14,517c54a5-9541-401f-a931-42e9c6c0fa8b,http://images.delivery.walmart.com/939a1e6c-288d-4b28-b40f-04db676034c3.jpeg,null,unacceptable,TRUE,Yes,,Bodypart
7/6/2026,2.00015E+14,b2dae066-7147-4cb3-a433-c4a9902535c8,http://images.delivery.walmart.com/463054d6-c366-4b4d-aaba-5f0dbcaf5df2.jpeg,null,unacceptable,TRUE,,,
7/6/2026,2.00015E+14,9e1c3ef6-dbae-478e-bd6c-2e9355a0290f,http://images.delivery.walmart.com/23d05dca-0365-408a-b751-54c6d6641451.jpeg,http://images.delivery.walmart.com/3bb4d73e-4144-4f09-822c-cef72d25e335.jpeg,unacceptable,TRUE,Yes,,Bodypart
7/6/2026,2.00015E+14,343a5d97-38bc-deb6-9b9a-e245935d9167,http://images.delivery.walmart.com/44ab59d7-e582-4321-b360-055d309db4c9.jpeg,null,unacceptable,TRUE,,,
7/6/2026,2.00015E+14,896764b5-1907-404c-9e4b-038a7dd30a7f,http://images.delivery.walmart.com/c800d18e-f1ed-49bd-9f34-03f74a8f07fe.jpeg,null,unacceptable,TRUE,,,
7/6/2026,2.00015E+14,5854e513-fb72-420f-8848-816b2641ed06,http://images.delivery.walmart.com/87b74735-5c65-4488-adc6-6f3e60516d95.jpeg,null,unacceptable,TRUE,,,
7/6/2026,2.00015E+14,a95cb339-9b0e-47f9-9078-40adce4ad73b,http://images.delivery.walmart.com/22b18752-d874-4bba-a42f-1e37002e1c1c.jpeg,http://images.delivery.walmart.com/0d634105-491f-42ab-941a-26cccaa9ad86.jpeg,unacceptable,TRUE,Yes,,Bodypart
7/6/2026,2.00015E+14,5d33e837-da67-4422-9500-57e93de0d2ed,http://images.delivery.walmart.com/c4a189c5-e2fc-4482-ac35-9e2f30cfda2a.jpeg,null,unacceptable,TRUE,,,
7/6/2026,2.00015E+14,530eed94-4d3e-4309-89a2-ff9ab6222f6f,http://images.delivery.walmart.com/b16ed96e-0d8a-4afe-9564-cd262d2cf562.jpeg,null,unacceptable,TRUE,,,
7/6/2026,2.00015E+14,ca0583e8-9cd4-4cdf-bd6b-94a36afc00af,http://images.delivery.walmart.com/ae058a50-70bb-4ca6-a7cb-2a128341a8ef.jpeg,http://images.delivery.walmart.com/6bf8e16f-4067-43ea-946c-fb9d87959d13.jpeg,unacceptable,TRUE,Yes,,Bodypart
7/6/2026,2.00015E+14,47252ede-e752-42cc-9904-8314253053a3,http://images.delivery.walmart.com/cf82ad99-8194-41e0-8684-990b41ecf2fc.jpeg,null,unacceptable,TRUE,,,
7/6/2026,2.00015E+14,e10a2fec-0b89-489f-8083-1a1b04bfbe76,http://images.delivery.walmart.com/a776895c-e72b-4309-a134-08afe5808d9d.jpeg,http://images.delivery.walmart.com/d726155d-0345-430d-bd62-b3080c47437c.jpeg,unacceptable,TRUE,,,
7/6/2026,2.00015E+14,2b207f40-a573-491e-a68a-87c75ff91890,http://images.delivery.walmart.com/a8799044-1d9c-4308-bff4-b13c32f63854.jpeg,null,unacceptable,TRUE,,,
7/6/2026,2.00015E+14,9d0783e7-ed68-430a-adf9-73f7d9adaaa7,http://images.delivery.walmart.com/d166bd03-1dfa-4c27-a778-3603b67d21e9.jpeg,http://images.delivery.walmart.com/aed1bf28-365a-4d44-8e2b-2dc22e2cf450.jpeg,unacceptable,TRUE,,,
7/6/2026,2.00015E+14,919f1797-1a0f-4311-9479-5f1bfcf30692,http://images.delivery.walmart.com/e8586111-8cd1-43d5-aad1-ede04cd3492e.jpeg,null,unacceptable,TRUE,,,
7/6/2026,2.00015E+14,a2c1403b-1bc6-4af8-9872-081405f69c56,http://images.delivery.walmart.com/bdf8c3be-4813-4726-9b45-69397d11546a.jpeg,null,unacceptable,TRUE,,,
7/6/2026,2.00015E+14,01a97a5a-87d9-4721-98c5-f35cfc6ca04d,http://images.delivery.walmart.com/bc0f0943-7fca-47fe-bdbe-c0ea779e8195.jpeg,null,unacceptable,TRUE,,,
7/6/2026,2.00015E+14,d81d7fed-2560-4a00-888f-294c9e8ad53e,http://images.delivery.walmart.com/c8ff2a22-eeb5-4aa1-8434-8c00800799b0.jpeg,null,unacceptable,TRUE,,,
7/6/2026,2.00015E+14,9278a02b-dfe9-45df-abf6-3b5f0c58c55e,http://images.delivery.walmart.com/e522c632-dfe5-4fec-bc4c-dc95fcb63f8a.jpeg,null,unacceptable,TRUE,,,
7/6/2026,2.00015E+14,267256e4-d241-4962-ac4f-782c7f25fd1c,http://images.delivery.walmart.com/4a1c219c-bcfe-4dc8-a5b2-6a6d1cd9db97.jpeg,http://images.delivery.walmart.com/948553ee-81f6-42c6-b665-5b08c4f0fcd3.jpeg,unacceptable,TRUE,,,
7/6/2026,2.00015E+14,b11d300d-da53-4c6f-8264-5f3c1228bd3b,http://images.delivery.walmart.com/7b79002f-ddda-43c4-8072-6cf58c468bbc.jpeg,null,unacceptable,TRUE,Yes,,Bodypart
7/6/2026,2.00015E+14,4bf1d43b-8a05-28ab-b816-17387e6bf571,http://images.delivery.walmart.com/7994debd-1465-4a83-a83d-c086b272031d.jpeg,null,unacceptable,TRUE,,,
7/6/2026,2.00015E+14,e414cf1b-abd7-4183-b907-5678cf239f5d,http://images.delivery.walmart.com/85bbf365-6a3b-41de-af3e-9b13083856a7.jpeg,http://images.delivery.walmart.com/59f1af96-e072-4f50-8b57-b24526ff375e.jpeg,unacceptable,TRUE,,,
7/6/2026,2.00015E+14,7afa0361-0c16-089c-f21a-ac44aa137616,http://images.delivery.walmart.com/44bd2ca6-7cf0-4245-a266-0c1404d633d7.jpeg,null,unacceptable,TRUE,,,
7/6/2026,2.00015E+14,c304f834-5e94-4a82-bebc-da876b679976,http://images.delivery.walmart.com/fe45a19a-6923-4313-b912-a80889fa2784.jpeg,null,unacceptable,TRUE,,,
7/6/2026,2.00015E+14,f3f7e8d8-d2f5-446c-92ec-7207582cb000,http://images.delivery.walmart.com/0e2d5f33-8224-4dce-a9cf-164731ec7057.jpeg,null,unacceptable,TRUE,,,
7/6/2026,2.00015E+14,84f3a837-136c-41ce-896b-9455ef055718,http://images.delivery.walmart.com/ee1f3c55-1ef1-46c6-b85f-5d006a4b2901.jpeg,null,unacceptable,TRUE,,,
7/6/2026,2.00015E+14,8215ca3c-1206-9d4f-465f-611eb9174f40,http://images.delivery.walmart.com/8b15ebcb-0711-4505-8b24-e32fc5d5f8d5.jpeg,null,unacceptable,TRUE,,,
7/6/2026,2.00015E+14,d4f19d5f-e173-4dfb-b7b0-1eb16e2d12da,http://images.delivery.walmart.com/1e9b5a2c-7198-4765-9500-ab67f66b8a02.jpeg,null,unacceptable,TRUE,Yes,,Bodypart
7/6/2026,2.00015E+14,b016d322-dc1b-5fef-5a28-273738e42d9a,http://images.delivery.walmart.com/52f5be3c-5a97-41e5-8354-286ea93c7be8.jpeg,null,unacceptable,TRUE,,,
7/6/2026,2.00015E+14,4db8a1da-0d5f-428b-9695-d52612a4e4f6,http://images.delivery.walmart.com/d000eee7-d318-4992-9e4c-c99af3806d33.jpeg,null,unacceptable,TRUE,,,
7/6/2026,2.00015E+14,696c5121-6048-4fd2-a78f-a4b10b4d96ea,http://images.delivery.walmart.com/2a7de32a-3eb8-41a7-95d1-adc99e780cae.jpeg,null,unacceptable,TRUE,,,
7/6/2026,2.00015E+14,0e36a3f9-0ca5-4a65-d829-93d395484a85,http://images.delivery.walmart.com/b1c5267b-3ced-4488-9961-a4fcbebe8e52.jpeg,null,unacceptable,TRUE,,,
7/6/2026,2.00015E+14,dde9b8c1-88e5-4254-b6ac-1834bb83cdb0,http://images.delivery.walmart.com/3dabd76f-582d-46e4-aee9-a5ea4a59814f.jpeg,null,unacceptable,TRUE,,,
7/6/2026,2.00015E+14,404154b3-fa0d-4ccb-ade8-8d272dae10b6,http://images.delivery.walmart.com/2d4d2dd5-c467-4e6e-b77e-fc0c1d07efcd.jpeg,null,unacceptable,TRUE,,,
7/6/2026,2.00015E+14,ced5c2b9-fc3e-4767-a44b-b98d34284028,http://images.delivery.walmart.com/f8ee58fb-f580-4291-a9f8-d4e7588076be.jpeg,http://images.delivery.walmart.com/b88c1d86-ef37-476c-8c19-6fa678d6eae9.jpeg,unacceptable,TRUE,,,
7/6/2026,2.00015E+14,3b836686-560d-7be4-2d28-8f14a30a88a8,http://images.delivery.walmart.com/8133fc5d-a80a-4ab7-a925-4538224f8da9.jpeg,null,unacceptable,TRUE,,,
7/6/2026,2.00015E+14,01972cd9-66ba-e3cc-b891-e2a6df6847ad,http://images.delivery.walmart.com/37b7d1ef-7a40-4480-93d8-66a1743caffb.jpeg,null,unacceptable,TRUE,,,
7/6/2026,2.00015E+14,a12f2c2d-bfa3-45e2-b59a-3c8b1541a322,http://images.delivery.walmart.com/86fc0d59-dc33-4e8b-a823-22369fcbca7e.jpeg,null,unacceptable,TRUE,,,
7/6/2026,2.00015E+14,cd451388-bf0b-b121-c0f1-f5da24193b26,http://images.delivery.walmart.com/9ad88902-db1d-40a6-b33d-b5604438e7a0.jpeg,null,unacceptable,TRUE,,,
7/6/2026,2.00015E+14,786f6447-22b1-4934-ab48-51998bc43e57,http://images.delivery.walmart.com/e2237c7d-b37f-49fa-804c-07267784c419.jpeg,null,unacceptable,TRUE,,,
7/6/2026,2.00015E+14,4b611def-628e-4b0b-a9b6-bf3b355850a4,http://images.delivery.walmart.com/c83dd893-10af-4510-874b-a29e53b5f5c8.jpeg,http://images.delivery.walmart.com/66f44ad5-96bd-4655-a99e-8228dbfb0cf3.jpeg,unacceptable,TRUE,Yes,,Bodypart
7/6/2026,2.00015E+14,54a084b6-ad65-40c1-9141-487d29506c7c,http://images.delivery.walmart.com/26e13483-a4fa-465b-9588-2b7c1ca94a9e.jpeg,null,unacceptable,TRUE,,,
7/6/2026,2.00015E+14,6904c119-d3d7-4873-af2b-17f042d5ab17,http://images.delivery.walmart.com/9ae43427-0e8d-4ca9-b309-fe9b9bb5f66d.jpeg,null,unacceptable,TRUE,,,
7/6/2026,2.00015E+14,ab6772af-5970-4b4b-8543-c7495708a25e,http://images.delivery.walmart.com/50c1b9fd-7755-4300-b772-dfd173792b29.jpeg,null,unacceptable,TRUE,,,
7/6/2026,2.00015E+14,db96f5bc-24e6-4ce7-87e2-59fcc6efa646,http://images.delivery.walmart.com/80dc59ac-ebde-4d8d-9166-9804827ad44d.jpeg,http://images.delivery.walmart.com/6cce9e64-6b88-4b2b-9c60-e7213cee33ba.jpeg,unacceptable,TRUE,,,
7/6/2026,2.00015E+14,03d419a9-9aa9-4f6f-b3d1-68617ad50fe5,http://images.delivery.walmart.com/89ae55de-5aa2-48ba-975d-93a6db7b9589.jpeg,null,unacceptable,TRUE,,,
7/6/2026,2.00015E+14,7a8712cc-7b53-4d26-b245-41a652f429a8,http://images.delivery.walmart.com/2ca2e134-dd9f-4d03-bc6b-6596e1f131f0.jpeg,null,unacceptable,TRUE,,,
7/6/2026,2.00015E+14,ff25ed32-aa8a-4140-9302-a63c5035bd4c,http://images.delivery.walmart.com/076dd0f8-84c7-46ad-9d6f-d566e6920f06.jpeg,null,unacceptable,TRUE,,,
7/6/2026,2.00015E+14,3135ad4e-98e8-48b5-8a51-6b92acd5b8c3,http://images.delivery.walmart.com/c38442db-4581-432e-83ba-7cbf40528cbf.jpeg,null,unacceptable,TRUE,,,
7/6/2026,2.00015E+14,898a22db-c658-477e-adbd-9b502456b797,http://images.delivery.walmart.com/c4643d02-9892-4b4a-bdc9-15437703ef0b.jpeg,null,unacceptable,TRUE,,,
7/6/2026,2.00015E+14,e171daf9-93b2-4eb5-a449-839ce2436966,http://images.delivery.walmart.com/3862db96-1ed4-4388-bedb-918a8adb8fef.jpeg,http://images.delivery.walmart.com/9f67f1e7-6dda-446f-abdc-1a03387d11fc.jpeg,unacceptable,TRUE,,,
7/6/2026,2.00015E+14,64e0d425-b2b7-4d02-8065-d9d0f3fc886c,http://images.delivery.walmart.com/349e9d40-3a9d-4cee-8e9f-fce0f1556a6f.jpeg,null,unacceptable,TRUE,,,
7/6/2026,2.00015E+14,8fe4685f-7b97-4fff-97e4-c65a272a1ddc,http://images.delivery.walmart.com/29285718-ffac-454b-9037-5f549efc2052.jpeg,null,unacceptable,TRUE,,,
7/6/2026,2.00015E+14,f8924f82-b425-425a-af2f-f505185f12ef,http://images.delivery.walmart.com/712f28fc-f9ab-400a-8a0d-835bcb6378d4.jpeg,null,unacceptable,TRUE,,,
7/6/2026,2.00015E+14,afad7341-6832-4393-bc86-43da34d85314,http://images.delivery.walmart.com/1a2b3003-f323-4870-a55b-8dd00ea74a60.jpeg,http://images.delivery.walmart.com/928fc048-bbf3-4579-8d28-cb8c2eb5762f.jpeg,unacceptable,TRUE,,,
7/6/2026,2.00015E+14,85d810e5-2e9b-45d4-9139-0e649562a133,http://images.delivery.walmart.com/a87e7a04-4ac6-42a7-a1ae-19da15b4088c.jpeg,null,unacceptable,TRUE,,,
7/6/2026,2.00015E+14,f06dd633-cf50-4be3-b5d8-fa8b7dac24d1,http://images.delivery.walmart.com/8f9ec2b0-a3cf-4778-85ed-40d43cc3a2f1.jpeg,null,unacceptable,TRUE,,,
7/6/2026,2.00015E+14,4d26845a-6f16-494c-a591-15c3e6f0c3be,http://images.delivery.walmart.com/c5f2584a-707f-49b1-bc02-427593354805.jpeg,null,unacceptable,TRUE,,,
7/6/2026,2.00015E+14,5ccca9ed-f495-445e-9a05-f747cd163203,http://images.delivery.walmart.com/3e451e95-1164-4b71-a2d9-f735b19278c6.jpeg,null,unacceptable,TRUE,Yes,,Bodypart
7/6/2026,2.00015E+14,fe8da538-6c63-4291-bf42-24d89d249941,http://images.delivery.walmart.com/111ecb35-7853-4df8-8b6f-56bbd56723ce.jpeg,http://images.delivery.walmart.com/19e43f31-4c3b-46d1-992d-9fece4008766.jpeg,unacceptable,TRUE,,,
7/6/2026,2.00015E+14,886dcb10-3a3e-4e87-9a9c-3d24f0418191,http://images.delivery.walmart.com/fc2e8e96-18a2-4837-89b7-f28476c4bba2.jpeg,null,unacceptable,TRUE,,,
7/6/2026,2.00015E+14,49dc8b5c-53df-4875-967f-50ff33083e41,http://images.delivery.walmart.com/feba9e5e-8694-4688-9438-a8c456e672c4.jpeg,http://images.delivery.walmart.com/1fc17286-c4fc-4c4e-b9a0-75d8f0ff7861.jpeg,unacceptable,TRUE,Yes,,Bodypart
7/6/2026,2.00015E+14,9f15ce06-b8a9-f96c-db9b-35f34b1b7163,http://images.delivery.walmart.com/6c6651bb-52bc-4420-9d32-6c9c3106da3c.jpeg,null,unacceptable,TRUE,,,
7/6/2026,2.00015E+14,bd770de2-e0e5-ed1d-ea63-dda382de266b,http://images.delivery.walmart.com/72d83919-6254-496f-b353-095d20a88fb9.jpeg,null,unacceptable,TRUE,,,
7/6/2026,2.00015E+14,00cd1ece-cb88-4916-990c-6941e519e284,http://images.delivery.walmart.com/c61d2fa3-3817-4f76-a6a7-2f4eac4784f7.jpeg,null,unacceptable,TRUE,,,
7/6/2026,2.00015E+14,91e9a58f-0012-4672-b418-1f1c12e23314,http://images.delivery.walmart.com/e1eeb385-e585-4c47-b2e7-b0435390ed3c.jpeg,null,unacceptable,TRUE,,,
7/6/2026,2.00015E+14,926c2b5e-6297-408e-845c-0537dc167ee1,http://images.delivery.walmart.com/dd0c04aa-54a0-469f-ad99-5bfb6ded1169.jpeg,http://images.delivery.walmart.com/d68686b9-563f-4130-9bcc-96d432c000eb.jpeg,unacceptable,TRUE,Yes,,Bodypart
7/6/2026,2.00015E+14,fa43808a-982a-519e-bc7f-1d3294ceb277,http://images.delivery.walmart.com/8920af90-564c-4ba1-9f62-143d711068ee.jpeg,null,unacceptable,TRUE,,,
7/6/2026,2.00015E+14,db2bab64-04dc-495c-9200-cb1419c96f5d,http://images.delivery.walmart.com/6b8b824b-3f53-4722-9ba4-bfcfd650c014.jpeg,null,unacceptable,TRUE,,,
7/6/2026,2.00015E+14,dfc99706-3933-4a7a-b5b9-319bfe7c57bd,http://images.delivery.walmart.com/4f1cb663-1355-4d6d-968a-9b182ae43fcf.jpeg,null,unacceptable,TRUE,,,
7/6/2026,2.00015E+14,1be5775a-f7cc-4a2f-bdde-7cd56b8b6884,http://images.delivery.walmart.com/92c62be5-5772-47ee-8a15-6a2ef5c21a1e.jpeg,null,unacceptable,TRUE,,,
7/6/2026,2.00015E+14,4ed1edee-54f0-4dda-8c67-73bf609d1917,http://images.delivery.walmart.com/9e03a0a2-feb7-4e67-8b7a-77d14fd984b3.jpeg,null,unacceptable,TRUE,,,
7/6/2026,2.00015E+14,264e1cec-8d9c-46b4-af69-f0031cbef764,http://images.delivery.walmart.com/034c747e-9355-458d-8966-95b05a5d9e22.jpeg,http://images.delivery.walmart.com/806f1cc4-ef5e-41b1-af8b-c8e2ee51adcd.jpeg,unacceptable,TRUE,,,
7/6/2026,2.00015E+14,35669dc0-bb97-4622-a951-9248b76404bf,http://images.delivery.walmart.com/3bb77f05-d2ad-4a4f-8998-3bca811c0c32.jpeg,null,unacceptable,TRUE,Yes,,Finger
7/6/2026,2.00015E+14,01ad36c1-5f09-48de-9915-eef28b4ec114,http://images.delivery.walmart.com/b579addb-1f9a-419e-b19b-3f42220d207f.jpeg,null,unacceptable,TRUE,,,
7/6/2026,2.00015E+14,7af079fd-dd4b-486c-b633-31ca254d5b7a,http://images.delivery.walmart.com/eec2914e-95c2-4c6d-8aa8-8493549a7e00.jpeg,http://images.delivery.walmart.com/f2383a99-40e7-4aee-b686-3802d1d544f3.jpeg,unacceptable,TRUE,,,
7/6/2026,2.00015E+14,e5bc2062-bc20-4cda-b3d2-de12716e6ce9,http://images.delivery.walmart.com/bac38743-78d7-47e1-97a2-180ed3bc181a.jpeg,null,unacceptable,TRUE,Yes,,Finger
7/6/2026,2.00015E+14,5f781460-fc3d-8c03-7cac-a3faac32808d,http://images.delivery.walmart.com/0fc10ee5-b271-4b3c-ae8b-54d045fb54f0.jpeg,null,unacceptable,TRUE,,,
7/6/2026,2.00015E+14,7a46c5a6-d035-2d59-a061-4d4ba9cdc52f,http://images.delivery.walmart.com/0a044610-7fe3-43a1-9e66-7a4b0ed4251e.jpeg,null,unacceptable,TRUE,Yes,,Finger
7/6/2026,2.00015E+14,3eda1c33-7c59-5a5c-58e9-315c6c185b2e,http://images.delivery.walmart.com/d0a93f35-34b7-4262-b67d-90d6d0809eb3.jpeg,null,unacceptable,TRUE,,,
7/6/2026,2.00015E+14,6f916f4c-16c2-4517-b4b2-9038b9cad841,http://images.delivery.walmart.com/89453086-5e08-4db1-970f-93d24ddc5591.jpeg,null,unacceptable,TRUE,,,
7/6/2026,2.00015E+14,e84b432f-df93-445f-bfb1-da250f093fd0,http://images.delivery.walmart.com/b4a4e933-b77c-4964-a4b2-e6399aff7843.jpeg,null,unacceptable,TRUE,Yes,,Finger
7/6/2026,2.00015E+14,9d6ae03f-e4ae-4c02-a564-9d1c2da3f3d6,http://images.delivery.walmart.com/ef45a368-52b3-4b4f-b976-38a742fee004.jpeg,null,unacceptable,TRUE,,,
7/6/2026,2.00015E+14,a6d5c07c-51fd-4152-a217-37453c7856a5,http://images.delivery.walmart.com/35313f2b-9279-40f1-9d4d-870199cefe76.jpeg,null,unacceptable,TRUE,,,
7/6/2026,2.00015E+14,33ad42a5-4552-4d82-a489-5dba61e18098,http://images.delivery.walmart.com/d5f799cc-d5d6-4824-823e-6d1aa1820c16.jpeg,null,unacceptable,TRUE,,,
7/6/2026,2.00015E+14,f929e2f9-3a9a-4653-8ede-d1f07b0a8aca,http://images.delivery.walmart.com/03b57827-ce4c-4638-9fbc-475a884591ec.jpeg,null,unacceptable,TRUE,,,
7/6/2026,2.00015E+14,937d11d7-8019-4fbf-8678-d771aa7b64fa,http://images.delivery.walmart.com/471c6c8b-f280-4c1c-af8b-83be6de8dd43.jpeg,null,unacceptable,TRUE,,,
7/6/2026,2.00015E+14,dbe3afb4-1f7d-460f-9103-32859e54829d,http://images.delivery.walmart.com/f830fa5d-ac06-4159-9d9d-e457e8903677.jpeg,null,unacceptable,TRUE,,,
7/6/2026,2.00015E+14,d63d609a-32b5-4d1f-9c34-52febed977e5,http://images.delivery.walmart.com/526a21aa-ddfe-43b6-9342-9413c5da98ad.jpeg,null,unacceptable,TRUE,,,
7/6/2026,2.00015E+14,ffb3c88c-c022-4cd4-af8f-0014ba9001fa,http://images.delivery.walmart.com/ff78955a-3eb8-426f-bcb3-8192fc6b5d1c.jpeg,null,unacceptable,TRUE,,,
7/6/2026,2.00015E+14,205afa70-5e1c-46ec-b609-beef8aa051e5,http://images.delivery.walmart.com/ca25e92c-d49b-4810-b15f-4d27ff275d8b.jpeg,null,unacceptable,TRUE,,,
7/6/2026,2.00015E+14,515a41c9-1a5d-479c-a39f-a2850714e338,http://images.delivery.walmart.com/8ce00a09-dfb6-4bff-807d-b44f8f13eda7.jpeg,null,unacceptable,TRUE,,,
7/6/2026,2.00015E+14,9dc2425c-b830-0b25-42c5-648ca4ee0cbf,http://images.delivery.walmart.com/817e20b9-06da-4760-9532-1950d5637f64.jpeg,null,unacceptable,TRUE,,,
7/6/2026,2.00015E+14,3f693141-3e18-4a56-bb23-bb6e1575a4a5,http://images.delivery.walmart.com/c6aa7d1c-e08e-4007-b798-ad2edb6f1294.jpeg,http://images.delivery.walmart.com/a9719384-64f3-4643-8ecc-0c4d86075592.jpeg,unacceptable,TRUE,Yes,,Bodypart
7/6/2026,2.00015E+14,d565fc50-7df3-4a87-be6f-d37f95fda73a,http://images.delivery.walmart.com/6cade866-49de-4c78-909a-4a11bec449ed.jpeg,http://images.delivery.walmart.com/b533db26-f46b-4500-bb03-fc103817fdce.jpeg,unacceptable,TRUE,,,
7/6/2026,2.00015E+14,9aaec873-b077-44ea-a4db-edf5ac0317a8,http://images.delivery.walmart.com/21b4c42d-b7da-47bf-a21c-80b43c64a285.jpeg,null,unacceptable,TRUE,,,
7/6/2026,2.00015E+14,f85920a1-9df3-5880-a8c7-c5b6d6bc71cf,http://images.delivery.walmart.com/7b9993ed-7d96-480d-8115-274fec1567d9.jpeg,null,unacceptable,TRUE,,,
7/6/2026,2.00015E+14,6cd342d9-a8ff-4e6e-961a-3a87fd5724e3,http://images.delivery.walmart.com/67530256-d883-418b-8538-76c50b86f9ba.jpeg,null,unacceptable,TRUE,,,
7/6/2026,2.00015E+14,8e55953e-c48c-46c7-a4c2-5bdd6f9d8fc1,http://images.delivery.walmart.com/ae4a9890-be78-47ea-b792-6a1549419971.jpeg,http://images.delivery.walmart.com/ba3c691c-9959-4f62-8fa5-27bd0ec5a45f.jpeg,unacceptable,TRUE,,,
7/6/2026,2.00015E+14,c642d8ea-d1a3-16eb-aab5-c0d32359f27c,http://images.delivery.walmart.com/19ba7494-cb94-40f9-bc75-c862d401ef79.jpeg,null,unacceptable,TRUE,,,
7/6/2026,2.00015E+14,e8d2219f-750c-44df-92bd-5e5635c37a6b,http://images.delivery.walmart.com/5704c60c-013b-4fe8-a34f-fffd57190d8c.jpeg,http://images.delivery.walmart.com/55bf2477-2a0f-47d8-ad98-d06473fc807d.jpeg,unacceptable,TRUE,,,
7/6/2026,2.00015E+14,6781d7f9-a4cf-4772-9f07-3578d4103129,http://images.delivery.walmart.com/4f96619c-ca22-4ecf-a8a1-5a33dfa0803b.jpeg,http://images.delivery.walmart.com/4b8947a8-a507-4c29-8674-7f93644268bc.jpeg,unacceptable,TRUE,,,
7/6/2026,2.00015E+14,09944222-816c-4878-9e61-7ee05052356e,http://images.delivery.walmart.com/bf613920-b449-4e3a-af8a-1d9864e434b3.jpeg,http://images.delivery.walmart.com/aba35316-7db0-42e1-98c6-b4dc960584d2.jpeg,unacceptable,TRUE,Yes,,Bodypart
7/6/2026,2.00015E+14,2c4512bc-cf5e-4b4d-8a90-2c1158fb0255,http://images.delivery.walmart.com/d1e2189a-dd8d-4a0b-acc1-8f2626855e63.jpeg,http://images.delivery.walmart.com/5243b6f0-8bcc-4a70-9e55-9c42d5d61e60.jpeg,unacceptable,TRUE,,,
7/6/2026,2.00015E+14,5ae87e06-b9c4-43e0-8864-63d58c90a28b,http://images.delivery.walmart.com/8e575c71-3163-405e-b083-d55a589253a1.jpeg,null,unacceptable,TRUE,,,
7/6/2026,2.00015E+14,48b147be-3e8a-4a63-ac91-aa30ad1e2dfd,http://images.delivery.walmart.com/81f3dc2f-4927-4504-bce9-a174453fd63e.jpeg,http://images.delivery.walmart.com/e552e15a-9e50-44e2-b394-50f61832392e.jpeg,unacceptable,TRUE,,,
7/6/2026,2.00015E+14,12967d96-09f5-4c5a-a983-f65bc32e8a24,http://images.delivery.walmart.com/1725f47d-a0dc-4355-a0ed-7e29a2787397.jpeg,null,unacceptable,TRUE,,,
7/6/2026,2.00015E+14,50cb3386-581d-4875-a7dc-36e24a7f6e65,http://images.delivery.walmart.com/f85c3142-40bf-4159-bd09-b8e950a126ad.jpeg,null,unacceptable,TRUE,,,
7/6/2026,2.00015E+14,c6097cca-6255-4f45-8413-89aedab8b56b,http://images.delivery.walmart.com/819a0efc-4b7f-4dca-a976-f43c9a81b7b6.jpeg,null,unacceptable,TRUE,,,
7/6/2026,2.00015E+14,d6230ca2-fbea-46f7-99fc-fb993e2ec919,http://images.delivery.walmart.com/617f4ae0-99f6-4d0a-b5c1-9c4d2c23d9a4.jpeg,null,unacceptable,TRUE,,,
7/6/2026,2.00015E+14,2b6c628d-0a87-4872-a2c2-b1b069f3507f,http://images.delivery.walmart.com/d7821b13-791b-462d-b4d1-608b127fad32.jpeg,null,unacceptable,TRUE,,,
7/6/2026,2.00015E+14,32fef2a5-65c4-44eb-82a0-b2c35ad0294c,http://images.delivery.walmart.com/cd7caf52-03b0-49b9-8ce8-d5b92c77feee.jpeg,null,unacceptable,TRUE,,,
7/6/2026,2.00015E+14,7ed204cc-0500-421f-ad54-6da62512c656,http://images.delivery.walmart.com/72dd235d-3dea-4dda-a064-e0caa14d4a94.jpeg,null,unacceptable,TRUE,,,
7/6/2026,2.00014E+14,5026041b-5449-514e-b8f0-fc67998a4882,http://images.delivery.walmart.com/8980ccb4-120c-47a9-a914-d2523fb81bad.jpeg,http://images.delivery.walmart.com/45790681-1056-4dcd-a394-68c81dbf18a8.jpeg,unacceptable,TRUE,Yes,,Bodypart
7/6/2026,2.00015E+14,78deeca7-921c-42a4-bd41-fcdbca53a913,http://images.delivery.walmart.com/dc474588-c019-4361-a2f4-75d929570a25.jpeg,null,unacceptable,TRUE,,,
7/6/2026,2.00015E+14,8686dd82-ba23-44cf-a310-5f07fb9ac3c4,http://images.delivery.walmart.com/5ec80195-32bd-4c3e-a8a9-903a91089470.jpeg,null,unacceptable,TRUE,,,
7/6/2026,2.00015E+14,199ac874-1073-4adf-b2e2-79abfcdeb2eb,http://images.delivery.walmart.com/f2339f8c-b177-4271-9da7-a095b5c36b67.jpeg,null,unacceptable,TRUE,,,
7/6/2026,2.00015E+14,1c71b61f-abfb-444c-b32f-529666f61ba5,http://images.delivery.walmart.com/b5d72a9d-456a-4b35-9378-6eb28eebac7d.jpeg,null,unacceptable,TRUE,,,
7/6/2026,2.00015E+14,ac648e6a-453b-411a-bfd8-3fdfabfe7324,http://images.delivery.walmart.com/2b0f0cfb-769e-4ea4-b1e6-76fa6d6bb71f.jpeg,null,unacceptable,TRUE,,,
7/6/2026,2.00015E+14,59903d0c-32f7-4991-9fe8-f33f187029b7,http://images.delivery.walmart.com/2646ddfe-1f99-4e6e-bf10-63920c3b9369.jpeg,http://images.delivery.walmart.com/f7d3f4f8-26d9-44ab-b238-9d5c905b87b3.jpeg,unacceptable,TRUE,Yes,,Bodypart
7/6/2026,2.00015E+14,12e3d38a-26ae-95d0-01d1-b9a551434b7f,http://images.delivery.walmart.com/0533b0cd-cb3e-4e8f-944d-add5f71fd794.jpeg,http://images.delivery.walmart.com/49b1f611-07e4-4b68-8c44-0297218ace33.jpeg,unacceptable,TRUE,,,
7/6/2026,2.00015E+14,3593fd05-967a-4910-896a-98a8ac1382a1,http://images.delivery.walmart.com/be216d21-37b8-4ad0-83a6-7fe127acffa0.jpeg,http://images.delivery.walmart.com/6dce9771-50dc-4a15-acf3-817ecf02b8b1.jpeg,unacceptable,TRUE,,,
7/6/2026,2.00015E+14,697d2b3a-2c66-39a4-1d74-eb11f8c32932,http://images.delivery.walmart.com/f958c74a-ba0c-49a1-b8f6-3aa0b6b98a80.jpeg,null,unacceptable,TRUE,,,
7/6/2026,2.00015E+14,ecfceb7a-b199-5726-bc6f-6e1c4307e594,http://images.delivery.walmart.com/824f585d-99a2-4b18-aae0-b9e74654f33e.jpeg,http://images.delivery.walmart.com/7426359f-c044-4eeb-95df-27e316a48104.jpeg,unacceptable,TRUE,,,
7/6/2026,2.00015E+14,6d430a23-7c2b-4643-a9cc-c6cb5e88dea5,http://images.delivery.walmart.com/f295eb86-c920-41e3-be4c-5bc3586f6af9.jpeg,null,unacceptable,TRUE,,,
7/6/2026,2.00015E+14,e1286c03-c3c1-4f8e-8fbb-5caee3fa81e8,http://images.delivery.walmart.com/9b690aec-639e-4fa3-ac69-e5c418683024.jpeg,null,unacceptable,TRUE,,,
7/6/2026,2.00015E+14,20faf861-8af2-4f9b-8661-e0ccc1eb7758,http://images.delivery.walmart.com/f40d8669-318e-4424-8c4f-7c3e8559d832.jpeg,http://images.delivery.walmart.com/d46c4331-4725-4647-a33b-925f4c2e9ce8.jpeg,unacceptable,TRUE,Yes,,Finger
7/6/2026,2.00015E+14,89277ff0-375d-4daa-a08b-8455127fd577,http://images.delivery.walmart.com/94936f07-62b7-4b74-bb58-cc8d948480b2.jpeg,null,unacceptable,TRUE,Yes,,Finger
7/6/2026,2.00015E+14,3af49015-430e-4f68-80be-e2c369de1e40,http://images.delivery.walmart.com/78b736d5-417e-4b7d-80b8-50fc1fcd3dc6.jpeg,null,unacceptable,TRUE,,,
7/6/2026,2.00015E+14,c3a9e53e-303b-4b94-9cfd-6828ca5b39f1,http://images.delivery.walmart.com/31586781-6e50-4c81-93e9-da4c47860177.jpeg,null,unacceptable,TRUE,,,
7/6/2026,2.00015E+14,900086b3-b29b-47d5-9c59-614cf0ec6e46,http://images.delivery.walmart.com/09e1959d-7421-4de7-87c2-868da0abe89c.jpeg,null,unacceptable,TRUE,,,
7/6/2026,2.00015E+14,02b09845-a874-a854-b2e1-8fcf0a0647d3,http://images.delivery.walmart.com/15393ecf-646c-466c-8b2e-3fa9db74c5be.jpeg,null,unacceptable,TRUE,,,
7/6/2026,2.00015E+14,136c0df5-06c3-43a5-b110-1e0aa6c61d97,http://images.delivery.walmart.com/40f2b4bc-754f-4786-b12d-e693312c5fc7.jpeg,null,unacceptable,TRUE,,,
7/6/2026,2.00015E+14,f4c10eee-7c84-40c6-820b-c2449ad75240,http://images.delivery.walmart.com/53088c0d-be7e-40e5-94f0-c287cb378a9d.jpeg,null,unacceptable,TRUE,Yes,,Bodypart
7/6/2026,2.00015E+14,9a9c2367-5e19-4939-970f-c1c24a1a6058,http://images.delivery.walmart.com/042eb3b3-cc5e-4046-bb32-64400f06ec9d.jpeg,null,unacceptable,TRUE,Yes,,Finger
7/6/2026,2.00015E+14,c63effd5-879a-4abf-941d-ca53d8d51cab,http://images.delivery.walmart.com/c9abff3b-2b0d-458b-801c-ebb73140957f.jpeg,http://images.delivery.walmart.com/4a39464b-c0cb-435f-844f-8a4ca1f84dd5.jpeg,unacceptable,TRUE,,,
7/6/2026,2.00015E+14,5f64ee33-d499-47d1-99c0-52854fd4c9bd,http://images.delivery.walmart.com/91640b31-cac1-4024-afc4-30606e037de4.jpeg,null,unacceptable,TRUE,,,
7/6/2026,2.00015E+14,fd99ad40-e3d8-1a04-b73a-c51f6ea1d951,http://images.delivery.walmart.com/c42153d1-ac5c-4d5a-93e4-271d854f854b.jpeg,null,unacceptable,TRUE,Yes,,Finger
7/6/2026,2.00015E+14,e6836b14-0643-4431-8599-76b827b45c55,http://images.delivery.walmart.com/2e458036-d43e-4102-906d-8392aa86eebe.jpeg,null,unacceptable,TRUE,Yes,,Finger
7/6/2026,2.00015E+14,41a900ba-9aaa-464a-9637-22da0700a9b3,http://images.delivery.walmart.com/60329a19-06a1-427c-871d-8b27af03ea39.jpeg,null,unacceptable,TRUE,,,
7/6/2026,2.00015E+14,83231ffc-3240-45c5-b5d3-7b6eef4d16f0,http://images.delivery.walmart.com/d892d895-46ab-45b9-b595-c7c1401d563b.jpeg,null,unacceptable,TRUE,,,
7/6/2026,2.00015E+14,a3c79b8e-9ddf-4be0-b78b-218d152942d9,http://images.delivery.walmart.com/dfa16615-5b0f-40fc-aaf0-0c639fcbf845.jpeg,null,unacceptable,TRUE,,,
7/6/2026,2.00015E+14,54ac952e-a45c-424a-8ee4-8cfe714ecddb,http://images.delivery.walmart.com/2abbf3c3-dce9-403e-8550-962b7e221d4d.jpeg,null,unacceptable,TRUE,,,
7/6/2026,2.00015E+14,b9a2e765-5a4a-4b60-8c7a-32ee1ceabd1b,http://images.delivery.walmart.com/1711aeea-281f-4ed4-8f25-ad0f76c747a0.jpeg,null,unacceptable,TRUE,,,
7/6/2026,2.00015E+14,e914c0ec-f037-4990-a5a7-123746e0beb9,http://images.delivery.walmart.com/213dddd0-aeef-4daf-bebf-23140a3c6d0c.jpeg,http://images.delivery.walmart.com/513308fb-883e-4052-a96f-ae0a16f42da0.jpeg,unacceptable,TRUE,,,
7/6/2026,2.00015E+14,dd6451f9-85c4-41f1-9b3b-62436881db58,http://images.delivery.walmart.com/f3f3f175-c80e-47f4-8df0-c4b87e6b4ad0.jpeg,null,unacceptable,TRUE,Yes,,Bodypart
7/6/2026,2.00015E+14,bae6abce-baed-4318-a107-83263293234b,http://images.delivery.walmart.com/29b0473b-018c-408b-8f76-74fc01b33dfe.jpeg,null,unacceptable,TRUE,,,
7/6/2026,2.00015E+14,bf1e2f60-fe66-e678-4868-cc0fc1ca5f38,http://images.delivery.walmart.com/c47e8882-dc23-4e49-91d7-89d2ea8fece1.jpeg,http://images.delivery.walmart.com/53ec1a92-746d-4e5f-89e1-d410bb5ecef5.jpeg,unacceptable,TRUE,,,
7/6/2026,2.00015E+14,4387e5b4-1968-4d26-a84b-d3fa3ec8210c,http://images.delivery.walmart.com/264b277f-ef9b-4bf3-8094-1ebe917642aa.jpeg,null,unacceptable,TRUE,,,
7/6/2026,2.00015E+14,bd57a72d-d0b2-4c88-8af4-e0b420f992d5,http://images.delivery.walmart.com/b5eb6d6e-46c0-4307-9eca-82c84e3163c7.jpeg,null,unacceptable,TRUE,,,
7/6/2026,2.00015E+14,ed775e45-5571-43ed-9d81-668cc483c367,http://images.delivery.walmart.com/51808d5a-d368-49f8-8a8d-2fb4d7afa0cf.jpeg,null,unacceptable,TRUE,Yes,,Bodypart
7/6/2026,2.00015E+14,e4d69127-7418-4b03-9625-862f18603fad,http://images.delivery.walmart.com/68f14d9c-5705-4b6e-bbf6-b7f55562e3d0.jpeg,null,unacceptable,TRUE,,,
7/6/2026,2.00015E+14,9d75ee88-702e-4e9b-b2fc-3bc246ae87db,http://images.delivery.walmart.com/c82e2d45-8ebe-4247-81e7-717687df5123.jpeg,null,unacceptable,TRUE,,,
7/6/2026,2.00015E+14,41b7d1ed-2b5b-4903-8929-bb46b508b72e,http://images.delivery.walmart.com/0686c014-8fb4-400d-977d-39ba382d44ba.jpeg,null,unacceptable,TRUE,,,
7/6/2026,2.00015E+14,467edc1a-6ba8-c6c2-322f-bae83a322dca,http://images.delivery.walmart.com/5652293f-f007-4358-948a-e88b98773cb1.jpeg,null,unacceptable,TRUE,Yes,,Finger
7/6/2026,2.00015E+14,386bc92d-ecb8-4c36-9cb6-5a91c7204abc,http://images.delivery.walmart.com/c3012b3e-ae23-499f-83f0-d5c64f8bc4ff.jpeg,null,unacceptable,TRUE,Yes,,Bodypart
7/6/2026,2.00015E+14,b7bd1597-cafd-43d2-9e65-99f65c5276fc,http://images.delivery.walmart.com/7f6956b8-fa84-4ff6-8c7d-09129701ac43.jpeg,null,unacceptable,TRUE,,,
7/6/2026,2.00015E+14,a2215467-aee4-499b-b76d-eaeb39afec41,http://images.delivery.walmart.com/70d5915d-6053-4eb5-bc03-6dd8e8903edc.jpeg,null,unacceptable,TRUE,,,
7/6/2026,2.00015E+14,ae9f69d0-dd44-48da-808d-38540f7568ee,http://images.delivery.walmart.com/425caed2-936e-4ab5-9290-bfcb68d0185a.jpeg,http://images.delivery.walmart.com/8cf62c33-4447-42bc-a9c9-ea18aea528ea.jpeg,unacceptable,TRUE,,,
7/6/2026,2.00015E+14,f754de92-1369-43d3-b0da-77cb0b7ca1e2,http://images.delivery.walmart.com/c06e6576-d8cd-44d5-83d1-aef1ff9dfc90.jpeg,null,unacceptable,TRUE,,,
7/6/2026,2.00015E+14,d9e9e224-5825-4033-8fda-1075278352fc,http://images.delivery.walmart.com/00c1328e-c7cc-4957-8346-a9932fdb97ab.jpeg,null,unacceptable,TRUE,,,
7/6/2026,2.00015E+14,e6c4be75-7090-40ca-989b-283e6cc163e4,http://images.delivery.walmart.com/5948b616-1e6c-4457-9a9a-b8d05668da94.jpeg,null,unacceptable,TRUE,,,
7/6/2026,2.00015E+14,a7dd3dfc-0b61-4ec7-83e0-c97551c3de91,http://images.delivery.walmart.com/9d0a64e4-4fb1-439d-9b16-03674ba59e4d.jpeg,http://images.delivery.walmart.com/4e5e1c2e-7c35-480e-8595-d3b8915d0e7d.jpeg,unacceptable,TRUE,,,
7/6/2026,2.00015E+14,44927d88-7d1c-bbe3-0425-8ce0d50d4121,http://images.delivery.walmart.com/bb4acb0d-c59a-4895-948e-7d48146bc012.jpeg,null,unacceptable,TRUE,Yes,,Bodypart
7/6/2026,2.00015E+14,25737bcc-d00f-42a3-b66d-d21ac6241939,http://images.delivery.walmart.com/b3647c24-dae8-4814-9ecc-457709f4c790.jpeg,null,unacceptable,TRUE,Yes,,Finger
7/6/2026,2.00015E+14,80891ffb-5c1f-4b5a-9b6a-87254fea30c8,http://images.delivery.walmart.com/58998719-0e4e-4aff-873d-c49bb6e8a0bb.jpeg,null,unacceptable,TRUE,,,
7/6/2026,2.00015E+14,f4918d35-b80a-45ef-af1e-dadd96f4a507,http://images.delivery.walmart.com/91eadf10-0550-4c87-8e26-5b37ed2143f6.jpeg,null,unacceptable,TRUE,,,
7/6/2026,2.00015E+14,0b2cd4c7-35dd-50ee-a7f5-6a694563f4b1,http://images.delivery.walmart.com/3c06c791-5662-4170-b632-714285d0ae85.jpeg,null,unacceptable,TRUE,,,
7/6/2026,2.00015E+14,18759bbc-6272-4d7b-915a-9858c34a2b03,http://images.delivery.walmart.com/9e1d6dfa-fa48-4398-8c9b-4b3ac353c872.jpeg,null,unacceptable,TRUE,,,
7/6/2026,2.00015E+14,160d0274-5da5-4539-acf1-8253e101f746,http://images.delivery.walmart.com/98c1cc47-fa1f-4e72-b412-e9c0b289d894.jpeg,http://images.delivery.walmart.com/876bbf18-cd7f-4655-8397-2cd7409c14e4.jpeg,unacceptable,TRUE,Yes,,Bodypart
7/6/2026,2.00015E+14,6b36967c-8352-76cb-2f01-e013a5c52172,http://images.delivery.walmart.com/9d23becf-b114-4bd1-a72d-602429e5f711.jpeg,http://images.delivery.walmart.com/dd04fbab-896b-4c93-91e1-32e5e58b41a5.jpeg,unacceptable,TRUE,,,
7/6/2026,2.00015E+14,bc8265ee-7974-4a4e-9112-64833d807800,http://images.delivery.walmart.com/5a6ae99a-fd14-486a-8202-d23a1bd272b3.jpeg,null,unacceptable,TRUE,,,
7/6/2026,2.00015E+14,cf657ae2-03f7-4d2f-974d-19128ae6cdb0,http://images.delivery.walmart.com/861c5c5a-9f53-4a1a-a335-bea3a19a93d1.jpeg,null,unacceptable,TRUE,,,
7/6/2026,2.00015E+14,1aaf0d8a-afb3-407d-9255-61131904e529,http://images.delivery.walmart.com/122cbbdd-8529-4557-bb98-8b8bf5e8999a.jpeg,null,unacceptable,TRUE,Yes,,Finger
7/6/2026,2.00015E+14,fc4dffe8-8f9f-408d-8f7f-84b1e9d9f7d6,http://images.delivery.walmart.com/731c4c0d-5ea0-4a98-b466-f2edc6815bae.jpeg,null,unacceptable,TRUE,Yes,,Finger
7/6/2026,2.00015E+14,dfc74fb0-bbae-4110-ad54-4aac8af97500,http://images.delivery.walmart.com/607489d1-8fb5-4905-a768-d46efa349aa5.jpeg,null,unacceptable,TRUE,,,
